scenario,method,rule,Country,current_rank,alternative_rank,abs_shift
S0_Balanced,TOPSIS,R4_WWR_ER_RV,SE,1,2,1
S0_Balanced,TOPSIS,R4_WWR_ER_RV,NO,2,1,1
S0_Balanced,TOPSIS,R4_WWR_ER_RV,DK,5,6,1
S0_Balanced,TOPSIS,R4_WWR_ER_RV,FI,6,10,4
S0_Balanced,TOPSIS,R4_WWR_ER_RV,EE,8,9,1
S0_Balanced,TOPSIS,R4_WWR_ER_RV,MT,9,5,4
S0_Balanced,TOPSIS,R4_WWR_ER_RV,LV,10,11,1
S0_Balanced,TOPSIS,R4_WWR_ER_RV,DE,11,12,1
S0_Balanced,TOPSIS,R4_WWR_ER_RV,ES,12,13,1
S0_Balanced,TOPSIS,R4_WWR_ER_RV,IT,13,14,1
S0_Balanced,TOPSIS,R4_WWR_ER_RV,LT,14,15,1
S0_Balanced,TOPSIS,R4_WWR_ER_RV,CY,15,16,1
S0_Balanced,TOPSIS,R4_WWR_ER_RV,GR,16,17,1
S0_Balanced,TOPSIS,R4_WWR_ER_RV,NL,17,8,9
S0_Balanced,VIKOR,R4_WWR_ER_RV,DK,3,4,1
S0_Balanced,VIKOR,R4_WWR_ER_RV,FI,4,13,9
S0_Balanced,VIKOR,R4_WWR_ER_RV,PT,5,7,2
S0_Balanced,VIKOR,R4_WWR_ER_RV,AT,6,5,1
S0_Balanced,VIKOR,R4_WWR_ER_RV,EE,7,8,1
S0_Balanced,VIKOR,R4_WWR_ER_RV,IS,8,3,5
S0_Balanced,VIKOR,R4_WWR_ER_RV,FR,9,17,8
S0_Balanced,VIKOR,R4_WWR_ER_RV,IT,11,15,4
S0_Balanced,VIKOR,R4_WWR_ER_RV,ES,12,14,2
S0_Balanced,VIKOR,R4_WWR_ER_RV,LT,13,18,5
S0_Balanced,VIKOR,R4_WWR_ER_RV,NL,14,11,3
S0_Balanced,VIKOR,R4_WWR_ER_RV,LV,15,19,4
S0_Balanced,VIKOR,R4_WWR_ER_RV,RO,16,20,4
S0_Balanced,VIKOR,R4_WWR_ER_RV,GR,17,12,5
S0_Balanced,VIKOR,R4_WWR_ER_RV,BE,18,16,2
S0_Balanced,VIKOR,R4_WWR_ER_RV,MT,19,6,13
S0_Balanced,VIKOR,R4_WWR_ER_RV,SI,20,21,1
S0_Balanced,VIKOR,R4_WWR_ER_RV,HR,21,22,1
S0_Balanced,VIKOR,R4_WWR_ER_RV,CY,22,9,13
S1_ElectricityPriority,TOPSIS,R4_WWR_ER_RV,SE,1,3,2
S1_ElectricityPriority,TOPSIS,R4_WWR_ER_RV,IS,3,1,2
S1_ElectricityPriority,TOPSIS,R4_WWR_ER_RV,FI,6,10,4
S1_ElectricityPriority,TOPSIS,R4_WWR_ER_RV,PT,7,8,1
S1_ElectricityPriority,TOPSIS,R4_WWR_ER_RV,EE,8,9,1
S1_ElectricityPriority,TOPSIS,R4_WWR_ER_RV,DE,9,13,4
S1_ElectricityPriority,TOPSIS,R4_WWR_ER_RV,ES,10,11,1
S1_ElectricityPriority,TOPSIS,R4_WWR_ER_RV,MT,11,6,5
S1_ElectricityPriority,TOPSIS,R4_WWR_ER_RV,LV,12,14,2
S1_ElectricityPriority,TOPSIS,R4_WWR_ER_RV,NL,13,7,6
S1_ElectricityPriority,TOPSIS,R4_WWR_ER_RV,GR,14,12,2
S1_ElectricityPriority,VIKOR,R4_WWR_ER_RV,PT,3,7,4
S1_ElectricityPriority,VIKOR,R4_WWR_ER_RV,FI,5,15,10
S1_ElectricityPriority,VIKOR,R4_WWR_ER_RV,AT,6,5,1
S1_ElectricityPriority,VIKOR,R4_WWR_ER_RV,EE,7,11,4
S1_ElectricityPriority,VIKOR,R4_WWR_ER_RV,IS,10,3,7
S1_ElectricityPriority,VIKOR,R4_WWR_ER_RV,IT,11,13,2
S1_ElectricityPriority,VIKOR,R4_WWR_ER_RV,NL,12,10,2
S1_ElectricityPriority,VIKOR,R4_WWR_ER_RV,LT,13,18,5
S1_ElectricityPriority,VIKOR,R4_WWR_ER_RV,FR,14,19,5
S1_ElectricityPriority,VIKOR,R4_WWR_ER_RV,LV,15,16,1
S1_ElectricityPriority,VIKOR,R4_WWR_ER_RV,GR,16,12,4
S1_ElectricityPriority,VIKOR,R4_WWR_ER_RV,HR,18,20,2
S1_ElectricityPriority,VIKOR,R4_WWR_ER_RV,RO,19,21,2
S1_ElectricityPriority,VIKOR,R4_WWR_ER_RV,CY,20,14,6
S1_ElectricityPriority,VIKOR,R4_WWR_ER_RV,SI,21,22,1
S1_ElectricityPriority,VIKOR,R4_WWR_ER_RV,MT,22,6,16
S2_TransportPriority,TOPSIS,R4_WWR_ER_RV,FI,5,9,4
S2_TransportPriority,TOPSIS,R4_WWR_ER_RV,PT,7,8,1
S2_TransportPriority,TOPSIS,R4_WWR_ER_RV,EE,8,10,2
S2_TransportPriority,TOPSIS,R4_WWR_ER_RV,DE,9,11,2
S2_TransportPriority,TOPSIS,R4_WWR_ER_RV,IT,10,12,2
S2_TransportPriority,TOPSIS,R4_WWR_ER_RV,MT,11,5,6
S2_TransportPriority,TOPSIS,R4_WWR_ER_RV,NL,12,7,5
S2_TransportPriority,VIKOR,R4_WWR_ER_RV,DK,4,5,1
S2_TransportPriority,VIKOR,R4_WWR_ER_RV,FI,5,12,7
S2_TransportPriority,VIKOR,R4_WWR_ER_RV,PT,6,7,1
S2_TransportPriority,VIKOR,R4_WWR_ER_RV,IS,7,4,3
S2_TransportPriority,VIKOR,R4_WWR_ER_RV,IT,8,10,2
S2_TransportPriority,VIKOR,R4_WWR_ER_RV,FR,9,17,8
S2_TransportPriority,VIKOR,R4_WWR_ER_RV,DE,10,9,1
S2_TransportPriority,VIKOR,R4_WWR_ER_RV,EE,11,14,3
S2_TransportPriority,VIKOR,R4_WWR_ER_RV,ES,12,13,1
S2_TransportPriority,VIKOR,R4_WWR_ER_RV,NL,13,8,5
S2_TransportPriority,VIKOR,R4_WWR_ER_RV,RO,14,18,4
S2_TransportPriority,VIKOR,R4_WWR_ER_RV,LT,16,19,3
S2_TransportPriority,VIKOR,R4_WWR_ER_RV,LV,17,20,3
S2_TransportPriority,VIKOR,R4_WWR_ER_RV,SK,18,21,3
S2_TransportPriority,VIKOR,R4_WWR_ER_RV,HR,19,22,3
S2_TransportPriority,VIKOR,R4_WWR_ER_RV,MT,20,6,14
S2_TransportPriority,VIKOR,R4_WWR_ER_RV,SI,21,23,2
S2_TransportPriority,VIKOR,R4_WWR_ER_RV,GR,22,16,6
S2_TransportPriority,VIKOR,R4_WWR_ER_RV,BG,23,24,1
S2_TransportPriority,VIKOR,R4_WWR_ER_RV,CZ,24,25,1
S2_TransportPriority,VIKOR,R4_WWR_ER_RV,CY,25,11,14
S3_HeatingCoolingPriority,TOPSIS,R4_WWR_ER_RV,SE,1,2,1
S3_HeatingCoolingPriority,TOPSIS,R4_WWR_ER_RV,NO,2,1,1
S3_HeatingCoolingPriority,TOPSIS,R4_WWR_ER_RV,DK,5,6,1
S3_HeatingCoolingPriority,TOPSIS,R4_WWR_ER_RV,PT,6,7,1
S3_HeatingCoolingPriority,TOPSIS,R4_WWR_ER_RV,AT,7,5,2
S3_HeatingCoolingPriority,TOPSIS,R4_WWR_ER_RV,FI,8,10,2
S3_HeatingCoolingPriority,TOPSIS,R4_WWR_ER_RV,EE,9,8,1
S3_HeatingCoolingPriority,TOPSIS,R4_WWR_ER_RV,CY,10,13,3
S3_HeatingCoolingPriority,TOPSIS,R4_WWR_ER_RV,LV,11,14,3
S3_HeatingCoolingPriority,TOPSIS,R4_WWR_ER_RV,GR,12,11,1
S3_HeatingCoolingPriority,TOPSIS,R4_WWR_ER_RV,LT,13,15,2
S3_HeatingCoolingPriority,TOPSIS,R4_WWR_ER_RV,FR,14,16,2
S3_HeatingCoolingPriority,TOPSIS,R4_WWR_ER_RV,IT,15,17,2
S3_HeatingCoolingPriority,TOPSIS,R4_WWR_ER_RV,ES,16,12,4
S3_HeatingCoolingPriority,TOPSIS,R4_WWR_ER_RV,DE,17,18,1
S3_HeatingCoolingPriority,TOPSIS,R4_WWR_ER_RV,HR,18,19,1
S3_HeatingCoolingPriority,TOPSIS,R4_WWR_ER_RV,NL,19,9,10
S3_HeatingCoolingPriority,VIKOR,R4_WWR_ER_RV,DK,3,6,3
S3_HeatingCoolingPriority,VIKOR,R4_WWR_ER_RV,FI,4,14,10
S3_HeatingCoolingPriority,VIKOR,R4_WWR_ER_RV,EE,6,9,3
S3_HeatingCoolingPriority,VIKOR,R4_WWR_ER_RV,FR,8,16,8
S3_HeatingCoolingPriority,VIKOR,R4_WWR_ER_RV,IS,9,4,5
S3_HeatingCoolingPriority,VIKOR,R4_WWR_ER_RV,LT,10,17,7
S3_HeatingCoolingPriority,VIKOR,R4_WWR_ER_RV,MT,11,3,8
S3_HeatingCoolingPriority,VIKOR,R4_WWR_ER_RV,CY,12,8,4
S3_HeatingCoolingPriority,VIKOR,R4_WWR_ER_RV,IT,13,11,2
S3_HeatingCoolingPriority,VIKOR,R4_WWR_ER_RV,ES,14,15,1
S3_HeatingCoolingPriority,VIKOR,R4_WWR_ER_RV,DE,15,10,5
S3_HeatingCoolingPriority,VIKOR,R4_WWR_ER_RV,GR,16,12,4
S3_HeatingCoolingPriority,VIKOR,R4_WWR_ER_RV,LV,17,18,1
S3_HeatingCoolingPriority,VIKOR,R4_WWR_ER_RV,SI,18,19,1
S3_HeatingCoolingPriority,VIKOR,R4_WWR_ER_RV,NL,19,13,6
S4_FinalConsumptionPriority,TOPSIS,R4_WWR_ER_RV,SE,1,2,1
S4_FinalConsumptionPriority,TOPSIS,R4_WWR_ER_RV,NO,2,1,1
S4_FinalConsumptionPriority,TOPSIS,R4_WWR_ER_RV,FI,4,8,4
S4_FinalConsumptionPriority,TOPSIS,R4_WWR_ER_RV,DK,5,6,1
S4_FinalConsumptionPriority,TOPSIS,R4_WWR_ER_RV,AT,6,4,2
S4_FinalConsumptionPriority,TOPSIS,R4_WWR_ER_RV,EE,8,9,1
S4_FinalConsumptionPriority,TOPSIS,R4_WWR_ER_RV,LV,9,11,2
S4_FinalConsumptionPriority,TOPSIS,R4_WWR_ER_RV,LT,10,12,2
S4_FinalConsumptionPriority,TOPSIS,R4_WWR_ER_RV,MT,11,5,6
S4_FinalConsumptionPriority,TOPSIS,R4_WWR_ER_RV,ES,12,13,1
S4_FinalConsumptionPriority,TOPSIS,R4_WWR_ER_RV,DE,13,14,1
S4_FinalConsumptionPriority,TOPSIS,R4_WWR_ER_RV,FR,14,15,1
S4_FinalConsumptionPriority,TOPSIS,R4_WWR_ER_RV,RO,15,16,1
S4_FinalConsumptionPriority,TOPSIS,R4_WWR_ER_RV,LU,16,17,1
S4_FinalConsumptionPriority,TOPSIS,R4_WWR_ER_RV,IT,17,18,1
S4_FinalConsumptionPriority,TOPSIS,R4_WWR_ER_RV,HR,18,19,1
S4_FinalConsumptionPriority,TOPSIS,R4_WWR_ER_RV,GR,19,20,1
S4_FinalConsumptionPriority,TOPSIS,R4_WWR_ER_RV,CY,20,21,1
S4_FinalConsumptionPriority,TOPSIS,R4_WWR_ER_RV,NL,21,10,11
S4_FinalConsumptionPriority,VIKOR,R4_WWR_ER_RV,DK,3,5,2
S4_FinalConsumptionPriority,VIKOR,R4_WWR_ER_RV,FI,4,13,9
S4_FinalConsumptionPriority,VIKOR,R4_WWR_ER_RV,AT,5,4,1
S4_FinalConsumptionPriority,VIKOR,R4_WWR_ER_RV,PT,6,7,1
S4_FinalConsumptionPriority,VIKOR,R4_WWR_ER_RV,EE,7,11,4
S4_FinalConsumptionPriority,VIKOR,R4_WWR_ER_RV,IS,8,3,5
S4_FinalConsumptionPriority,VIKOR,R4_WWR_ER_RV,LT,9,16,7
S4_FinalConsumptionPriority,VIKOR,R4_WWR_ER_RV,FR,10,17,7
S4_FinalConsumptionPriority,VIKOR,R4_WWR_ER_RV,DE,11,10,1
S4_FinalConsumptionPriority,VIKOR,R4_WWR_ER_RV,ES,12,9,3
S4_FinalConsumptionPriority,VIKOR,R4_WWR_ER_RV,RO,13,18,5
S4_FinalConsumptionPriority,VIKOR,R4_WWR_ER_RV,SI,15,19,4
S4_FinalConsumptionPriority,VIKOR,R4_WWR_ER_RV,LV,16,20,4
S4_FinalConsumptionPriority,VIKOR,R4_WWR_ER_RV,GR,17,15,2
S4_FinalConsumptionPriority,VIKOR,R4_WWR_ER_RV,HR,18,21,3
S4_FinalConsumptionPriority,VIKOR,R4_WWR_ER_RV,NL,19,12,7
S4_FinalConsumptionPriority,VIKOR,R4_WWR_ER_RV,CY,20,8,12
S4_FinalConsumptionPriority,VIKOR,R4_WWR_ER_RV,BE,21,22,1
S4_FinalConsumptionPriority,VIKOR,R4_WWR_ER_RV,MT,22,6,16
